size,Polaris remote,Snowflake Horizon,AWS S3 Tables
tiny,1.777305,29.480169,3.538827
small,1.564074,22.366596,3.574185
medium,2.794235,12.692561,5.478647
large,10.438981,25.496717,18.059773
