size,Polaris remote,Snowflake Horizon,AWS S3 Tables
tiny,5.269865,23.312209,10.744282
small,2.945484,15.227815,6.121774
medium,6.159776,19.452835,12.513253
large,8.436577,31.529776,24.155968
