size,AWS Glue,AWS S3 Tables,Snowflake Horizon,Polaris remote
tiny,7.740129,3.538827,29.480169,1.777305
small,7.949641,3.574185,22.366596,1.564074
medium,9.739888,5.478647,12.692561,2.794235
large,33.65938,18.059773,25.496717,10.438981
