size,AWS Glue,AWS S3 Tables,Snowflake Horizon,Polaris remote
tiny,9.033699,10.744282,23.312209,5.269865
small,5.473507,6.121774,15.227815,2.945484
medium,9.339621,12.513253,19.452835,6.159776
large,30.974569,24.155968,31.529776,8.436577
