size,DuckDB,PyIceberg,Spark
tiny,6.415,3.538827,10.744282
small,7.329,3.574185,6.121774
medium,9.702,5.478647,12.513253
large,39.609,18.059773,24.155968
