size,DuckDB,PyIceberg,Spark
tiny,6.286,7.740129,9.033699
small,7.094,7.949641,5.473507
medium,9.672,9.739888,9.339621
large,41.912,33.65938,30.974569
