size,DuckDB,PyIceberg,Spark
tiny,45.714,29.480169,23.312209
small,25.174,22.366596,15.227815
medium,24.979,12.692561,19.452835
large,32.138,25.496717,31.529776
