size,DuckDB,PyIceberg,Spark
tiny,2.389,1.777305,5.269865
small,2.407,1.564074,2.945484
medium,4.146,2.794235,6.159776
large,20.061,10.438981,8.436577
